titles,addresses,clean_addresses,lat,long
WESTFIELD MONTGOMERY,"7101 DEMOCRACY BOULEVARD, BETHESDA, MD,  20817","7101 DEMOCRACY BOULEVARD, BETHESDA, MD,  20817",39.02203,-77.146416
TYSONS CORNER CENTER,"7966 TYSONS CORNER CTR, MCLEAN, VA,  22102-4500","7966 TYSONS CORNER CTR, MCLEAN, VA,  22102-4500",38.91697585,-77.22182160532336
FASHION CENTRE AT PENTAGON CITY,"1100 S HAYES STREET,SP 0G07B, ARLINGTON, VA,  22202-4907","1100 S HAYES STREET,SP 0G07B, ARLINGTON, VA,  22202-4907",38.86334,-77.0605
POTOMAC MILLS,"2700 POTOMAC MILLS CIR STE 767, WOODBRIDGE, VA,  22192-4673","2700 POTOMAC MILLS CIR STE 767, WOODBRIDGE, VA,  22192-4673",38.6393465,-77.2960391
ARUNDEL MILLS,"7000 ARUNDEL MILLS CIR STE 420, HANOVER, MD,  21076-1293","7000 ARUNDEL MILLS CIR STE 420, HANOVER, MD,  21076-1293",39.15595,-76.72775
WESTFIELD ANNAPOLIS,"1260 ANNAPOLIS MALL, ANNAPOLIS, MD,  21401-3075","1260 ANNAPOLIS MALL, ANNAPOLIS, MD,  21401-3075",38.99143,-76.54692
CHRISTIANA MALL,"132 CHRISTIANA MALL, #1547, NEWARK, DE,  19702-3202","132 CHRISTIANA MALL, NEWARK, DE,  19702-3202",39.6784196,-75.65239689667357
KING OF PRUSSIA MALL,"160 N. GULPH RD - SPACE 1918, KING OF PRUSSIA, PA,  19406-2911","160 N. GULPH RD - SPACE 1918, KING OF PRUSSIA, PA,  19406-2911",40.08827,-75.39174
CHERRY HILL MALL,"2000 RTE 38 UNIT 1095, CHERRY HILL, NJ,  08002-2122","2000 RTE 38 UNIT 1095, CHERRY HILL, NJ,  08002-2122",39.941160000000004,-75.02541
BRIDGEWATER COMMONS,"400 COMMONS WAY, BRIDGEWATER, NJ,  08807-2800","400 COMMONS WAY, BRIDGEWATER, NJ,  08807-2800",40.585606,-74.61517
FREEHOLD RACEWAY MALL,"3710 ROUTE 9, FREEHOLD, NJ,  07728-4800","3710 ROUTE 9, FREEHOLD, NJ,  07728-4800",40.245892,-74.282532
ROSS PARK MALL,"1000 ROSS PARK MALL DRIVE, PITTSBURGH, PA,  15237","1000 ROSS PARK MALL DRIVE, PITTSBURGH, PA,  15237",40.54313,-80.00862
STATEN ISLAND MALL,"2655 RICHMOND AVE, UNIT 1285, NEW YORK, NY,  10314","2655 RICHMOND AVE, UNIT 1285, NEW YORK, NY,  10314",40.58209,-74.16608
THE MILLS AT JERSEY GARDENS,"651 KAPKOWSKI ROAD, #1462, ELIZABETH, NJ,  07201-4934","651 KAPKOWSKI ROAD, ELIZABETH, NJ,  07201-4934",40.660774,-74.17615
FLATIRON DISTRICT,"200 5TH AVENUE, NEW YORK, NY,  10010-3302","200 5TH AVENUE, NEW YORK, NY,  10010-3302",40.74158,-73.98956
ROCKEFELLER CENTER™,"620 FIFTH AVENUE @ 50TH STREET, NEW YORK, NY,  10020-2402","620 FIFTH AVENUE @ 50TH STREET, NEW YORK, NY,  10020-2402",40.75853,-73.97719
WESTFIELD GARDEN STATE PLAZA,"1 GARDEN STATE PLAZA, PARAMUS, NJ,  07652-2404","1 GARDEN STATE PLAZA, PARAMUS, NJ,  07652-2404",40.9189853,-74.0794263
QUEENS CENTER MALL,"90-15 QUEENS BLVD STE 1076, ELMHURST, NY,  11373-4913","90-15 QUEENS BLVD STE 1076, ELMHURST, NY,  11373-4913",40.73675,-73.87844
PALISADES CENTER,"3462 PALISADES CENTER DR, WEST NYACK, NY,  10994-6604","3462 PALISADES CENTER DR, WEST NYACK, NY,  10994-6604",41.09832,-73.95356
ROOSEVELT FIELD MALL,"630 OLD COUNTRY RD UNIT 1057, GARDEN CITY, NY,  11530-3470","630 OLD COUNTRY RD UNIT 1057, GARDEN CITY, NY,  11530-3470",40.73961,-73.61418
THE WESTCHESTER,"125 WESTCHESTER AVE, WHITE PLAINS, NY,  10601-4522","125 WESTCHESTER AVE, WHITE PLAINS, NY,  10601-4522",41.0336516,-73.7625879
CRABTREE VALLEY MALL,"4325 GLENWOOD AVE STE 1078, RALEIGH, NC,  27612-4520","4325 GLENWOOD AVE STE 1078, RALEIGH, NC,  27612-4520",35.84006,-78.67887
SMITH HAVEN MALL,"518 SMITH HAVEN MALL, LAKE GROVE, NY,  11755","518 SMITH HAVEN MALL, LAKE GROVE, NY,  11755",40.8632875,-73.1275288
DANBURY FAIR,"7 BACKUS AVE, DANBURY, CT,  6810","7 BACKUS AVE, DANBURY, CT,  6810",41.3802093,-73.48060433562955
EASTVIEW MALL,"7979 PITTSFORD VICTOR RD,131B, VICTOR, NY,  14564","7979 PITTSFORD VICTOR RD,131B, VICTOR, NY,  14564",43.03175,-77.4413
WALDEN GALLERIA,"1 WALDEN GALLERIA, BUFFALO, NY,  14225","1 WALDEN GALLERIA, BUFFALO, NY,  14225",42.910458,-78.7606
BEACHWOOD PLACE,"26300 CEDAR RD, BEACHWOOD, OH,  44122-1160","26300 CEDAR RD, BEACHWOOD, OH,  44122-1160",41.5012,-81.49373
DESTINY USA,"9090 DESTINY USA DRIVE, SYRACUSE, NY,  13204","9090 DESTINY USA DRIVE, SYRACUSE, NY,  13204",43.06922635,-76.17248945485272
WESTFARMS MALL,"1500 NEW BRITAIN AVENUE, WEST HARTFORD, CT,  6110","1500 NEW BRITAIN AVENUE, WEST HARTFORD, CT,  6110",41.72301655,-72.76310408695586
CROSSGATES MALL,"1 CROSSGATES MALL ROAD, ALBANY, NY,  12203","1 CROSSGATES MALL ROAD, ALBANY, NY,  12203",42.690667,-73.8530875
EASTON TOWN CENTER,"4004 GRAMERCY ST, COLUMBUS, OH,  43219-6133","4004 GRAMERCY ST, COLUMBUS, OH,  43219-6133",40.05172,-82.91483
CONCORD MILLS,"8111 CONCORD MILLS BLVD STE206, CONCORD, NC,  28027-6468","8111 CONCORD MILLS BLVD STE206, CONCORD, NC,  28027-6468",35.37071,-80.71695
SOUTHPARK MALL,"4400 SHARON ROAD, UNIT M-05, CHARLOTTE, NC,  28211-3531","4400 SHARON ROAD, UNIT M-05, CHARLOTTE, NC,  28211-3531",35.15222,-80.83232
SHERWAY GARDENS,"25 THE WEST MALL - #1066, TORONTO, ON,  M9C 1B8","25 THE WEST MALL - TORONTO, ON,  M9C 1B8",43.6125694,-79.5558251
YORKDALE SHOPPING CENTRE,"1 YORKDALE ROAD, UNIT 84, TORONTO, ON,  M6A 3A1","1 YORKDALE ROAD, UNIT 84, TORONTO, ON,  M6A 3A1",43.72518,-79.4491
FAIRVIEW MALL,"1800 SHEPPARD AVE EAST, TORONTO, ON,  M2J 5A7","1800 SHEPPARD AVE EAST, TORONTO, ON,  M2J 5A7",43.777758500000004,-79.34429375180316
PROVIDENCE PLACE,"97 PROVIDENCE PLACE, UNIT 3165, PROVIDENCE, RI,  02903-1752","97 PROVIDENCE PLACE, UNIT 3165, PROVIDENCE, RI,  02903-1752",41.82649,-71.41685
NATICK MALL,"1245 WORCESTER ST, NATICK, MA,  01760-1515","1245 WORCESTER ST, NATICK, MA,  01760-1515",42.3018294,-71.38577061159874
KENWOOD TOWNE CENTRE,"7875 MONTGOMERY RD SPC 2109, CINCINNATI, OH,  45236-4380","7875 MONTGOMERY RD SPC 2109, CINCINNATI, OH,  45236-4380",39.20437,-84.37799
SOUTH SHORE PLAZA,"250 GRANITE ST. - SPACE 1064, BRAINTREE, MA,  02184-2804","250 GRANITE ST. - SPACE 1064, BRAINTREE, MA,  02184-2804",42.22227,-71.02391
BURLINGTON MALL,"75 MIDDLESEX TPKE, BURLINGTON, MA,  01803-5389","75 MIDDLESEX TPKE, BURLINGTON, MA,  01803-5389",42.47084,-71.2106
SOMERSET COLLECTION,"2800 W BIG BEAVER RD STE V-352, TROY, MI,  48084-3234","2800 W BIG BEAVER RD STE V-352, TROY, MI,  48084-3234",42.5632,-83.18402
HAYWOOD MALL,"700 HAYWOOD ROAD, GREENVILLE, SC,  29607","700 HAYWOOD ROAD, GREENVILLE, SC,  29607",34.84988,-82.33755
NORTHSHORE MALL,"210 ANDOVER STREET, SPACE 169C, PEABODY, MA,  01960-1647","210 ANDOVER STREET, SPACE 169C, PEABODY, MA,  01960-1647",42.54091,-70.9443
CF RIDEAU CENTRE,"50 RIDEAU STREET, OTTAWA, ON,  K1N 9J7","50 RIDEAU STREET, OTTAWA, ON,  K1N 9J7",45.42617515,-75.69058164013165
OXMOOR CENTER,"7900 SHELBYVILLE ROAD, LOUISVILLE, KY,  40222","7900 SHELBYVILLE ROAD, LOUISVILLE, KY,  40222",38.246544099999994,-85.60875383233626
CASTLETON SQUARE,"6020 E 82ND ST, INDIANAPOLIS, IN,  46250-5508","6020 E 82ND ST, INDIANAPOLIS, IN,  46250-5508",39.90528,-86.06445
FAIRVIEW POINTE CLAIRE,"6801 TRANS-CANADA HWY, POINTE CLAIRE, QC,  H9R 5J2","6801 TRANS-CANADA HWY, POINTE CLAIRE, QC,  H9R 5J2",45.45708,-73.8412
CARREFOUR LAVAL,"3035 BOULEVARD LE CARREFOUR, LAVAL, QC,  H7T 1C8","3035 BOULEVARD LE CARREFOUR, LAVAL, QC,  H7T 1C8",45.5724578,-73.7530491
SUGARLOAF MILLS,"5900 SUGARLOAF PKWY, LAWRENCEVILLE, GA,  30043-7854","5900 SUGARLOAF PKWY, LAWRENCEVILLE, GA,  30043-7854",33.98032,-84.0753
NORTH POINT MALL,"1000 NORTH POINT CIRCLE #1150, ALPHARETTA, GA,  30022-4853","1000 NORTH POINT CIRCLE ALPHARETTA, GA,  30022-4853",34.0485964,-84.2940411
OPRY MILLS MALL,"416 OPRY MILLS DRIVE, SP #220, NASHVILLE, TN,  37214-2443","416 OPRY MILLS DRIVE, SP NASHVILLE, TN,  37214-2443",36.199844,-86.6927712
WATER TOWER PLACE,"835 N MICHIGAN AVE, CHICAGO, IL,  60611-2193","835 N MICHIGAN AVE, CHICAGO, IL,  60611-2193",41.897827,-87.62409
ORLAND SQUARE,"732 ORLAND SQUARE, ORLAND PARK, IL,  60462-3221","732 ORLAND SQUARE, ORLAND PARK, IL,  60462-3221",41.617832,-87.8504
NORTHBROOK COURT,"2024 NORTHBROOK CT, NORTHBROOK, IL,  60062-1411","2024 NORTHBROOK CT, NORTHBROOK, IL,  60062-1411",39.2460871,-84.5814785184761
WOODFIELD MALL,"5 WOODFIELD MALL, SCHAUMBURG, IL,  60173-5012","5 WOODFIELD MALL, SCHAUMBURG, IL,  60173-5012",42.048103,-88.03631
GURNEE MILLS,"6170 W GRAND AVE, GURNEE, IL,  60031","6170 W GRAND AVE, GURNEE, IL,  60031",42.38333,-87.95514
MAYFAIR,"2500 N. MAYFAIR RD, SPACE 0635, WAUWATOSA, WI,  53226-1409","2500 N. MAYFAIR RD, SPACE 0635, WAUWATOSA, WI,  53226-1409",43.06395,-88.04333
ST JOHNS TOWN CENTER,"4764 RIVER CITY DRIVE, JACKSONVILLE, FL,  32246","4764 RIVER CITY DRIVE, JACKSONVILLE, FL,  32246",30.2601932,-81.5250543
WEST COUNTY CENTER,"55 WEST COUNTY CENTER, DES PERES, MO,  63131-3701","55 WEST COUNTY CENTER, DES PERES, MO,  63131-3701",38.60058415,-90.44725844297534
DISNEY SPRINGS®,"1672 E BUENA VISTA DR, LAKE BUENA VISTA, FL,  32830-8401","1672 E BUENA VISTA DR, LAKE BUENA VISTA, FL,  32830-8401",28.3697104,-81.5354455
WESTFIELD BRANDON MALL,"459 BRANDON TOWN CTR DRIVE, BRANDON, FL,  33511","459 BRANDON TOWN CTR DRIVE, BRANDON, FL,  33511",27.931633,-82.32336
TOWN CENTER AT BOCA RATON,"6000 GLADES ROAD, BOCA RATON, FL,  33431","6000 GLADES ROAD, BOCA RATON, FL,  33431",26.368694,-80.136116
SAWGRASS MILLS MALL,"12801 W SUNRISE BLVD, SP. 1011, SUNRISE, FL,  33323-4007","12801 W SUNRISE BLVD, SP. 1011, SUNRISE, FL,  33323-4007",26.15148,-80.32105
AVENTURA MALL,"19575 BISCAYNE BLVD, RM 353, MIAMI, FL,  33180-2331","19575 BISCAYNE BLVD, RM 353, MIAMI, FL,  33180-2331",25.9574,-80.14188
MALL OF AMERICA®,"164 SOUTH AVENUE, BLOOMINGTON, MN,  55425-5525","164 SOUTH AVENUE, BLOOMINGTON, MN,  55425-5525",44.8322405,-93.3204872
DADELAND MALL,"7535 N KENDALL DRIVE, MIAMI, FL,  33156","7535 N KENDALL DRIVE, MIAMI, FL,  33156",25.690726050000002,-80.31216790347332
OAK PARK MALL,"11149 WEST 95TH STREET, # 18A, OVERLAND PARK, KS,  66214-1824","11149 WEST 95TH STREET, 18A, OVERLAND PARK, KS,  66214-1824",38.95645,-94.71508
LAKESIDE SHOPPING CENTER,"3301 VETERANS MEMORIAL BLVD, METAIRIE, LA,  70002","3301 VETERANS MEMORIAL BLVD, METAIRIE, LA,  70002",30.002721,-90.150566
PENN SQUARE MALL,"1901 NW EXPRESSWAY STE 1058B, OKLAHOMA CITY, OK,  73118-9217","1901 NW EXPRESSWAY STE 1058B, OKLAHOMA CITY, OK,  73118-9217",33.9758564,-96.3914253
STONEBRIAR CENTRE,"2601 PRESTON RD STE 1222, FRISCO, TX,  75034-9472","2601 PRESTON RD STE 1222, FRISCO, TX,  75034-9472",33.099850000000004,-96.81055
NORTHPARK CENTER,"8687 N CENTRAL EXPY STE 770, DALLAS, TX,  75225-4565","8687 N CENTRAL EXPY STE 770, DALLAS, TX,  75225-4565",32.86936,-96.77086
THE WOODLANDS MALL,"1201 LAKE WOODLANDS DR # 01182, THE WOODLANDS, TX,  77380-5007","1201 LAKE WOODLANDS DR 01182, THE WOODLANDS, TX,  77380-5007",30.16461,-95.45373
BAYBROOK MALL,"500 BAYBROOK MALL, FRIENDSWOOD, TX,  77546-2751","500 BAYBROOK MALL, FRIENDSWOOD, TX,  77546-2751",29.54318,-95.15226
WILLOWBROOK MALL,"1568 WILLOWBROOK MALL, HOUSTON, TX,  77070","1568 WILLOWBROOK MALL, HOUSTON, TX,  77070",29.95999905,-95.53896623883111
THE GALLERIA,"5015 WESTHEIMER, SUITE A3319, HOUSTON, TX,  77056-5602","5015 WESTHEIMER, SUITE A3319, HOUSTON, TX,  77056-5602",29.740726,-95.46225
POLO PARK,"1485 PORTAGE AVE, UNIT 0210A, WINNIPEG, MB,  R3G 0W4","1485 PORTAGE AVE, UNIT 0210A, WINNIPEG, MB,  R3G 0W4",49.88391,-97.19802
BARTON CREEK SQUARE,"2901 S CAPITAL OF TEXAS HWY, AUSTIN, TX,  78746","2901 S CAPITAL OF TEXAS HWY, AUSTIN, TX,  78746",30.257680399999998,-97.80667211089965
LA ISLA CANCUN,"Boulevard Kukulkán Mz. 52 Lote 18-06, Cancún, Quintana Roo,  77500","Boulevard Kukulkán Mz. 52 Lote 18-06, Cancún, Quintana Roo,  77500",21.15622,-86.82206
NORTHSTAR MALL,"7400 SAN PEDRO AVE., SAN ANTONIO, TX,  78216-5399","7400 SAN PEDRO AVE., SAN ANTONIO, TX,  78216-5399",29.517042,-98.49925
PARK MEADOWS,"8401 PARK MEADOWS CTR DR #1175, LONE TREE, CO,  80124-5128","8401 PARK MEADOWS CTR DR LONE TREE, CO,  80124-5128",39.56215,-104.87501
COLORADO MILLS,"14500 W COLFAX AVE, LAKEWOOD, CO,  80401-3203","14500 W COLFAX AVE, LAKEWOOD, CO,  80401-3203",39.73189655,-105.15530455642715
LA PLAZA MALL,"2200 S 10TH STREET, MCALLEN, TX,  78503","2200 S 10TH STREET, MCALLEN, TX,  78503",26.183102,-98.233536
PUNTO VALLE,"Rio Missouri 555, Monterrey, Nuevo Leon,  66220","Rio Missouri 555, Monterrey, Nuevo Leon,  66220",25.7544036,-100.405992
GALERIAS PACHUCA,"Camino Real de La Plata 102, Pachuca, Hidalgo,  42083","Camino Real de La Plata 102, Pachuca, Hidalgo,  42083",20.0953337,-98.769027
FASHION PLACE MALL,"6191 SOUTH STATE STREET, MURRAY, UT,  84107","6191 SOUTH STATE STREET, MURRAY, UT,  84107",40.6304959,-111.8896731
GALERIAS QUERETARO,"Av. 5 de Febrero 99, Querétaro, Querétaro,  76175","Av. 5 de Febrero 99, Querétaro, Querétaro,  76175",20.653533,-103.33114
PERISUR,"Anillo Perif. Blvd. Adolfo López Mateos 4690, Ciudad de México, 04500","Anillo Perif. Blvd. Adolfo López Mateos 4690, Ciudad de México, 04500",19.37944,-99.19153
SANTA FE,"Avenida Vasco de Quiroga 3800, Ciudad de México, CDMX,  05109","Avenida Vasco de Quiroga 3800, Ciudad de México, CDMX,  05109",19.3613681,-99.2744816
ALTACIA,"Blvd. Aeropuerto No.104, León, Guanajuato,  37530","Blvd. Aeropuerto No.104, León, Guanajuato,  37530",21.0971444,-101.6292658
CHANDLER FASHION CENTER,"3111 W. CHANDLER BLVD, CHANDLER, AZ,  85226-5071","3111 W. CHANDLER BLVD, CHANDLER, AZ,  85226-5071",33.305775,-111.89679
CHINOOK CENTRE,"6455 MACLEOD TRAIL SW, SP 203, CALGARY, AB,  T2H 0K8","6455 MACLEOD TRAIL SW, SP 203, CALGARY, AB,  T2H 0K8",50.99821,-114.07433
ARROWHEAD TOWNE CENTER,"7700 W. ARROWHEAD TOWNE CTR, GLENDALE, AZ,  85308","7700 W. ARROWHEAD TOWNE CTR, GLENDALE, AZ,  85308",33.64413,-112.22593
SOUTHGATE CENTRE,"5015-111 ST NW SPACE #424, EDMONTON, AB,  T6H 4M6","5015-111 ST NW SPACE EDMONTON, AB,  T6H 4M6",53.48572,-113.51556
WEST EDMONTON,"8882-170th Street, Edmonton, AB,  T5T 4M2","8882-170th Street, Edmonton, AB,  T5T 4M2",53.5659347,-113.6158738
MIDTOWN,"Avenida Adolfo Lopez Mateos Norte No. 2405, Guadalajara, Jalisco,  44648","Avenida Adolfo Lopez Mateos Norte No. 2405, Guadalajara, Jalisco,  44648",20.68697,-103.37911
GALERIAS GUADALAJARA,"Avenida Rafael Sanzio No. 150, Jalisco, 45030","Avenida Rafael Sanzio No. 150, Jalisco, 45030",20.6608931,-103.4308614
OXIGENO,"CC. Oxígeno, 40103, San Francisco de Heredia, 40103","CC. Oxígeno, 40103, San Francisco de Heredia, 40103",17.28753,-96.90044
ALTAPLAZA,"Altaplaza Mall, Nivel 2, Local 2-207 Via Centenario, Ciudad de Panamá, ","Altaplaza Mall, Nivel 2, Local 2-207 Via Centenario, Ciudad de Panamá, ",-15.81802,-47.90062
MULTIPLAZA,"Multiplaza Pacific Mall, Local B-115, Ciudad de Panamá, ","Multiplaza Pacific Mall, Local B-115, Ciudad de Panamá, ",19.46177,-99.05335
FASHION SHOW MALL,"3200 SOUTH LAS VEGAS BLVD, LAS VEGAS, NV,  89109","3200 SOUTH LAS VEGAS BLVD, LAS VEGAS, NV,  89109",36.1435856,-115.157342
EL TESORO,"CC El Tesoro. Carrera 25A #1A Sur 45, Medellín, Antioquia,  050022","CC El Tesoro. Carrera 25A Sur 45, Medellín, Antioquia,  050022",6.20808,-75.55491
ONTARIO MILLS,"1 MILLS CIR STE 631, ONTARIO, CA,  91764-5255","1 MILLS CIR STE 631, ONTARIO, CA,  91764-5255",34.07371,-117.55246
VIVA ENVIGADO,"CC Viva. Carrera 48 #32B sur -139 local 126 piso 1, Envigado, Antioquia,  ","CC Viva. Carrera 48 sur -139 local 126 piso 1, Envigado, Antioquia,  ",16.73993,-93.11262
WESTFIELD UTC,"4545 LA JOLLA VILLAGE DRIVE, SAN DIEGO, CA,  92122","4545 LA JOLLA VILLAGE DRIVE, SAN DIEGO, CA,  92122",32.8705269,-117.210525
FASHION VALLEY,"7007 FRIARS ROAD, SPACE 965A, SAN DIEGO, CA,  92108-1199","7007 FRIARS ROAD, SPACE 965A, SAN DIEGO, CA,  92108-1199",32.76966,-117.16857
THE SHOPS AT MISSION VIEJO,"555 THE SHOPS AT MISSION VIEJO, MISSION VIEJO, CA,  92691-6514","555 THE SHOPS AT MISSION VIEJO, MISSION VIEJO, CA,  92691-6514",33.5580927,-117.66911638082841
DOWNTOWN DISNEY® DISTRICT,"1585 S. DISNEYLAND DR, ANAHEIM, CA,  92802-2320","1585 S. DISNEYLAND DR, ANAHEIM, CA,  92802-2320",33.8088051,-117.9243531
SOUTH COAST PLAZA,"3333 BRISTOL STREET, SPC 1042, COSTA MESA, CA,  92626-1813","3333 BRISTOL STREET, SPC 1042, COSTA MESA, CA,  92626-1813",33.691013,-117.88553
GLENDALE GALLERIA,"2130 GLENDALE GALLERIA, GLENDALE, CA,  91210-2101","2130 GLENDALE GALLERIA, GLENDALE, CA,  91210-2101",34.14468215,-118.25889419596774
WESTFIELD TOPANGA,"6600 TOPANGA CANYON BLVD, CANOGA PARK, CA,  91303","6600 TOPANGA CANYON BLVD, CANOGA PARK, CA,  91303",34.1911367,-118.6024545
BELLEVUE SQUARE MALL,"119 BELLEVUE SQUARE, BELLEVUE, WA,  98004-5021","119 BELLEVUE SQUARE, BELLEVUE, WA,  98004-5021",47.2077116,-1.6060371
WESTFIELD SOUTHCENTER,"SPACE 837 SOUTHCENTER MALL, TUKWILA, WA,  98188","SPACE 837 SOUTHCENTER MALL, TUKWILA, WA,  98188",47.45759,-122.25734
ALDERWOOD,"3000 184TH STREET SW, #428, LYNNWOOD, WA,  98037-4770","3000 184TH STREET SW, LYNNWOOD, WA,  98037-4770",47.83173,-122.2741
GUILDFORD TOWN CENTRE,"10355 152 STREET, SURREY, BC,  V3R 7C1","10355 152 STREET, SURREY, BC,  V3R 7C1",49.1897822,-122.8022656
SANTAFE BOGOTA,"CC. Santafé. Calle 185 #45-03, Bogotá, Cundinamarca,  111166","CC. Santafé. Calle 185 Bogotá, Cundinamarca,  111166",4.76354,-74.04698
WESTFIELD GALLERIA AT ROSEVILLE,"1151 GALLERIA BLVD, ROSEVILLE, CA,  95678","1151 GALLERIA BLVD, ROSEVILLE, CA,  95678",38.77176,-121.26688
WASHINGTON SQUARE,"9410 SW WASHINGTON SQ RD #K11, TIGARD, OR,  97223-4447","9410 SW WASHINGTON SQ RD TIGARD, OR,  97223-4447",45.4465897,-122.7788472
ANDINO,"CC. Andino. Carrera 11 #82-71, Bogotá, Colombia,  1100111","CC. Andino. Carrera 11 Bogotá, Colombia,  1100111",4.60066,-74.07864
OAKRIDGE CENTRE,"650 WEST 41st AVE, SPACE 175, VANCOUVER, BC,  V5Z 2M9","650 WEST 41st AVE, SPACE 175, VANCOUVER, BC,  V5Z 2M9",49.23207,-123.11885
RICHMOND CENTRE,"6551 No. 3 Road, Richmond, BC,  V6Y 2B6","6551 No. 3 Road, Richmond, BC,  V6Y 2B6",49.16574,-123.13861
STONERIDGE SHOPPING CENTER,"1444 STONERIDGE MALL, D117A, PLEASANTON, CA,  94588-3215","1444 STONERIDGE MALL, D117A, PLEASANTON, CA,  94588-3215",37.69492,-121.9319
WESTFIELD VALLEY FAIR,"2855 STEVENS CREEK BLVD, SANTA CLARA, CA,  95050-6709","2855 STEVENS CREEK BLVD, SANTA CLARA, CA,  95050-6709",37.32337,-121.94603
HILLSDALE SHOPPING CENTER,"341 HILLSDALE MALL, SAN MATEO, CA,  94403-3426","341 HILLSDALE MALL, SAN MATEO, CA,  94403-3426",37.53773,-122.30068
WESTFIELD SAN FRANCISCO CENTRE,"865 MARKET STREET SPC C41, SAN FRANCISCO, CA,  94103-1953","865 MARKET STREET SPC C41, SAN FRANCISCO, CA,  94103-1953",37.78438,-122.40633
SAN MIGUEL,"CC Plaza San Miguel 323, int. T323, Lima, 15086","CC Plaza San Miguel 323, int. T323, Lima, 15086",-12.08007,-77.07888
JOCKEY PLAZA,"Av. Javier Prado Este 4200, Lima, 15023","Av. Javier Prado Este 4200, Lima, 15023",-12.0847295,-76.9789258
GLASGOW,"220 BUCHANAN ST, GLASGOW, G1 2FF","220 BUCHANAN ST, GLASGOW, G1 2FF",55.8624235,-4.2534299
LIVERPOOL,"LIVERPOOL ONE SHOPPING CTR, LIVERPOOL, L1 8BJ","LIVERPOOL ONE SHOPPING CTR, LIVERPOOL, L1 8BJ",53.4067681,-2.9846015
CARDIFF,"ST DAVIDS DEWI SANT, CARDIFF, CF10 2EF","ST DAVIDS DEWI SANT, CARDIFF, CF10 2EF",51.47789,-3.17325
MANCHESTER,"ARNDALE SHOPPING CENTRE, MANCHESTER, M4 3AQ","ARNDALE SHOPPING CENTRE, MANCHESTER, M4 3AQ",53.48256,-2.24153
METROCENTRE NEWCASTLE,"UNIT 73, METROCENTRE, GATESHEAD, TW,  NE11 9YG","UNIT 73, METROCENTRE, GATESHEAD, TW,  NE11 9YG",54.95677,-1.66458
BRISTOL,"Cabot Circus, Glass House, BRISTOL, BS1 3BX","Cabot Circus, Glass House, BRISTOL, BS1 3BX",53.75716,-0.32783
LEEDS,"ALBION STREET, UNIT 3.12 TRINITY LEEDS, LEEDS, WEST YORKSHIRE,  LS1 5AT","ALBION STREET, UNIT 3.12 TRINITY LEEDS, LEEDS, WEST YORKSHIRE,  LS1 5AT",53.79655,-1.54519
BIRMINGHAM,"Bullring Shopping Centre, Birmingham, B5 4BU","Bullring Shopping Centre, Birmingham, B5 4BU",52.476941100000005,-1.8949822569142707
SHEFFIELD,"MEADOWHALL SHOPPING CENTRE, SHEFFIELD, S9 1EN","MEADOWHALL SHOPPING CENTRE, SHEFFIELD, S9 1EN",53.413843799999995,-1.4124143043282515
SOUTHAMPTON WEST QUAY,"Westquay Shopping Centre, Southampton, SO15 1QF","Westquay Shopping Centre, Southampton, SO15 1QF",50.903674300000006,-1.4066887567106845
MILTON KEYNES,"33 MIDSUMMER PLACE, MILTON KEYNES, MK9 3GB","33 MIDSUMMER PLACE, MILTON KEYNES, MK9 3GB",52.040823,-0.7565344293343611
WATFORD,"INTU WATFORD, WATFORD, WD17 2UB","INTU WATFORD, WATFORD, WD17 2UB",51.65509055,-0.3927260626735219
LONDON WESTFIELD,"ARIEL WAY, SHEPHERD'S BUSH, LONDON, W12 7GF","ARIEL WAY, SHEPHERD'S BUSH, LONDON, W12 7GF",51.5096078,-0.2203519
LEICESTER SQUARE,"3 SWISS COURT, LONDON, LO,  W1D 6AP","3 SWISS COURT, LONDON, LO,  W1D 6AP",51.5473693,-0.1811541
LONDON STRATFORD,"WESTFIELD STRATFORD CITY, WESTFIELD STRATFORD CITY, E20 1EH","WESTFIELD STRATFORD CITY, WESTFIELD STRATFORD CITY, E20 1EH",51.543018000000004,-0.01269
BRIGHTON,"CHURCHILL SQ SHOPPING CTR, BRIGHTON, BN1 2TF","CHURCHILL SQ SHOPPING CTR, BRIGHTON, BN1 2TF",50.8227087,-0.14563063367264661
BLUEWATER,"BLUEWATER SHOPPING CENTRE, GREENHITHE, KE,  DA9 9SR","BLUEWATER SHOPPING CENTRE, GREENHITHE, KE,  DA9 9SR",51.4412,0.26824
SEVILLA,"Centro Comercial Sevilla Palmas Altas, Sevilla, 41011","Centro Comercial Sevilla Palmas Altas, Sevilla, 41011",37.33899,-5.98495
LA VAGUADA,"Centro Comercial La Vaguada, Madrid, 28029","Centro Comercial La Vaguada, Madrid, 28029",40.479987300000005,-3.7066090401002523
PARQUESUR,"Centro Comercial Parquesur, Madrid, 28916","Centro Comercial Parquesur, Madrid, 28916",40.338648899999995,-3.733975567780398
BORDEAUX SAINTE-CATHERINE,"RUE GUIRAUDE, BORDEAUX, 33,  33000","RUE GUIRAUDE, BORDEAUX, 33,  33000",44.8395646,-0.5748814
SO OUEST,"CENTRE COMMERCIAL SO OUEST, LEVALLOIS-PERRET, 92300","CENTRE COMMERCIAL SO OUEST, LEVALLOIS-PERRET, 92300",48.89183,2.29636
LILLE,"CENTRE COMMERCIAL EURALILLE, LILLE, 59800","CENTRE COMMERCIAL EURALILLE, LILLE, 59800",50.63812,3.0759
PARIS LES HALLES,"1, PASSAGE DE LA CANOPÉE, PARIS, 75,  75001","1, PASSAGE DE LA CANOPÉE, PARIS, 75,  75001",48.8615495,2.3476751
ROSNY,"Centre commercial Rosny 2, Rosny-sous-Bois, 93110","Centre commercial Rosny 2, Rosny-sous-Bois, 93110",48.87688,2.48295
CRETEIL,"Créteil Soleil - Avenue de la France Libre, Créteil, 94000","Créteil Soleil - Avenue de la France Libre, Créteil, 94000",48.7795707,2.4553928
ZARAGOZA,"Centro Comercial Puerto Venecia, Zaragoza, 50021","Centro Comercial Puerto Venecia, Zaragoza, 50021",41.60775915,-0.887548632744269
DISNEYLAND PARIS,"DISNEY VILLAGE, CHESSY, 77700","DISNEY VILLAGE, CHESSY, 77700",48.86884365,2.784209071029224
MALL OF THE NETHERLANDS,"Mall of Netherlands, Liguster 202, Leidschendam, NL,  2262 AC","Mall of Netherlands, Liguster 202, Leidschendam, NL,  2262 AC",52.08779,4.38332
AMSTERDAM,"Kalverstraat 57, Amsterdam, 1012 NZ","Kalverstraat 57, Amsterdam, 1012 NZ",52.37089,4.89189
WIJNEGEM,"SPACE 526, TURNHOUTSEBAAN 5, WIJNEGEM, 2110","SPACE 526, TURNHOUTSEBAAN 5, WIJNEGEM, 2110",51.2222,4.50178
BRUSSELS,"117-119 Rue Neuve, Brussels, Belgium,  1000","117-119 Rue Neuve, Brussels, Belgium,  1000",50.85326,4.35673
UTRECHT,"Hoog Catharijne Mall, Utrecht - Space W068, 3511 WP","Hoog Catharijne Mall, Utrecht - Space W068, 3511 WP",52.09108,5.11219
TOULOUSE,"Centre Commercial Blagnac, Blagnac, 31700","Centre Commercial Blagnac, Blagnac, 31700",43.6476398,1.3694171
CLERMONT-FERRAND,"CENTRE JAUDE, CLERMONT-FERRAND, 12,  63000","CENTRE JAUDE, CLERMONT-FERRAND, 12,  63000",45.7750168,3.083215921478071
OBERHAUSEN,"CentrO Einkaufszentrum 228, OBERHAUSEN, 46047","CentrO Einkaufszentrum 228, OBERHAUSEN, 46047",51.49036,6.88102
DÜSSELDORF,"Flinger Strasse 50, DUSSELDORF, 40213","Flinger Strasse 50, DUSSELDORF, 40213",51.2254626,6.7749448
DIJON,"Centre Commercial La Toison d'Or, Dijon, 21000","Centre Commercial La Toison d'Or, Dijon, 21000",47.3553392,5.058110341577413
ESSEN,"LIMBECKERSTRAßE 25, ESSEN, 45127","LIMBECKERSTRAßE 25, ESSEN, 45127",51.4571276,7.0105448
ILLA DIAGONAL,"Centro Comercial La Illa Diagonal, Barcelona, 08029","Centro Comercial La Illa Diagonal, Barcelona, 08029",40.1279,-5.80514
MAQUINISTA,"Centro Comercial Maquinista, Barcelona, 08030","Centro Comercial Maquinista, Barcelona, 08030",41.440821799999995,2.198288401992572
KÖLN,"HOHE STRASSE 68-82, KÖLN, 50667","HOHE STRASSE 68-82, KÖLN, 50667",50.9371689,6.9564095
LEGO HOUSE BILLUND,"OLE KIRKS PLADS 1, BILLUND, 7190","OLE KIRKS PLADS 1, BILLUND, 7190",55.7310685,9.114526914966888
LYON LA PART-DIEU,"17 RUE DU DOCTEUR BOUCHUT, LYON, 69,  69003","17 RUE DU DOCTEUR BOUCHUT, LYON, 69,  69003",45.7597751,4.8553562
SAARBRÜCKEN,"BAHNHOFSTRAßE 77, SAARBRÜCKEN, 66111","BAHNHOFSTRAßE 77, SAARBRÜCKEN, 66111",49.2366472,6.9921823
HAMBURG,"SPITALERSTRAßE 12, HAMBURG, 20095","SPITALERSTRAßE 12, HAMBURG, 20095",53.5519574,10.0021539
HANNOVER,"Grosse Packhofstrasse 30, Hannover, Germany,  30159","Grosse Packhofstrasse 30, Hannover, Germany,  30159",52.37434,9.73744
FRANKFURT,"Zeil 106 / MyZeil, FRANKFURT, 60313","Zeil 106 / MyZeil, FRANKFURT, 60313",50.11442,8.68178
MARSEILLE,"Les terraces Du Port, Marseille, 13002","Les terraces Du Port, Marseille, 13002",43.29605,5.36965
COPENHAGEN,"VIMMELSKAFTET 37, COPENHAGEN, 1161","VIMMELSKAFTET 37, COPENHAGEN, 1161",55.678528,12.57593
TORINO,"Le Gru, Grugliasco, TO,  10095","Le Gru, Grugliasco, TO,  10095",45.05570125,7.612151799030027
TORINO CARLO FELICE,"Via Roma, 367, Torino, TO,  10123","Via Roma, 367, Torino, TO,  10123",45.0643532,7.6803301
NICE,"Avenue Eugène Donadeï, St-Laurent-du-Var, 06700","Avenue Eugène Donadeï, St-Laurent-du-Var, 06700",43.6606476,7.194547
NÜRNBERG,"BREITE GASSE 39, NÜRNBERG, 90402","BREITE GASSE 39, NÜRNBERG, 90402",49.4499534,11.0754037
ARESE,"Via Giuseppe Eugenio Luraghi, 11, Arese, MI,  20020","Via Giuseppe Eugenio Luraghi, 11, Arese, MI,  20020",45.5637843,9.0559203
ASSAGO,"c/o Milanofiori viale milanofiori, Assago, 20020","c/o Milanofiori viale milanofiori, Assago, 20020",45.4028,9.15091
MILANO,"Corso Monforte, 2, Milano, MI,  20122","Corso Monforte, 2, Milano, MI,  20122",45.4667013,9.1982249
LEIPZIG,"HÖFE AM BRÜHL, LEIPZIG, 11,  4109","HÖFE AM BRÜHL, LEIPZIG, 11,  4109",51.34351905,12.373720960307214
CARUGATE,"Strada Provinciale 208, km 2, Carugate, MI,  20061","Strada Provinciale 208, km 2, Carugate, MI,  20061",45.54805,9.32806
GENOVA,"Via Fieschi, 6r, Genova, GE,  16121","Via Fieschi, 6r, Genova, GE,  16121",44.40337955,8.935734682960486
BERGAMO,"Via Portico, 71, Orio al Serio, BG,  24050","Via Portico, 71, Orio al Serio, BG,  24050",45.6646274,9.6947147
BERLIN,"TAUENTZIENSTRAßE 20, BERLIN, 10789","TAUENTZIENSTRAßE 20, BERLIN, 10789",52.5024106,13.3403089
MÜNCHEN PASING,"PASING ARCADEN, MÜNCHEN, 4,  81241","PASING ARCADEN, MÜNCHEN, 4,  81241",48.1478198,11.465213590665195
MÜNCHEN RIEM,"Willy-Brandt-Platz 5, MÜNCHEN, 81829","Willy-Brandt-Platz 5, MÜNCHEN, 81829",48.1326476,11.6899969
SKÄRHOLMEN,"Skärholmen Centrum, Skärholmen, 127 48","Skärholmen Centrum, Skärholmen, 127 48",59.28192,17.89515
STOCKHOLM,"RÅSTA STRANDVÄGEN 19, SOLNA, 169 56","RÅSTA STRANDVÄGEN 19, SOLNA, 169 56",59.3726908,18.0032763
VERONA,"Viale delle Nazioni, 1, Verona, VR,  37135","Viale delle Nazioni, 1, Verona, VR,  37135",45.4063474,10.976905130575819
BOLOGNA,"Via dell'Indipendenza, 8D, Bologna, 40121","Via dell'Indipendenza, 8D, Bologna, 40121",44.5002201,11.3441232
MARGHERA,"Via Pietro Arduino, 20, Venezia, VE,  30175","Via Pietro Arduino, 20, Venezia, VE,  30175",45.4584613,12.2136368
ROMA TERMINI,"Piazza dei Cinquecento, 1, ROMA, RM,  00185","Piazza dei Cinquecento, 1, ROMA, RM,  00185",41.9005224,12.5003437
ROMA,"Via Tomacelli, 142, Roma, RM,  00186","Via Tomacelli, 142, Roma, RM,  00186",41.9048701,12.475512
PORTA DI ROMA,"Galleria Commerciale Porta di Roma, Roma, RM,  00139","Galleria Commerciale Porta di Roma, Roma, RM,  00139",41.9719164,12.54049189519899
EUROMA 2,"Centro Commerciale Euroma 2, Roma, RM,  00144","Centro Commerciale Euroma 2, Roma, RM,  00144",41.817101550000004,12.45950934721992
